{
  "artifact_type": "court_unet_v2_prediction_gallery",
  "checkpoint": "runs/court_unified_training_20260723/diagnostic_train/court_unet_v2_seed13/court_model_v2_epoch_0014.pt",
  "legend": {
    "error_connector": "magenta",
    "human_label": "cyan",
    "model_prediction": "green"
  },
  "rows": [
    {
      "clip": "4qSoA-jwpVM",
      "comparison": "runs/court_unified_training_20260723/diagnostic_eval/candidate_task88/best_epoch14_prediction_gallery/01_4qSoA-jwpVM_frame_000001_comparison.jpg",
      "errors_px_source": {
        "far_baseline_center": 1.4774511129379975,
        "far_left_corner": 5.017108408908874,
        "far_nvz_center": 1.555322496123936,
        "far_nvz_left": 5.529235901287901,
        "far_nvz_right": 9.933059687237979,
        "far_right_corner": 3.1030591902212175,
        "near_baseline_center": 3.4456197233251618,
        "near_left_corner": 727.4734445766354,
        "near_nvz_center": 3.3900182712411167,
        "near_nvz_left": 1.42255018726161,
        "near_nvz_right": 106.92050875002164,
        "near_right_corner": 741.704815375445,
        "net_center": 9.689616745560604,
        "net_left_sideline": 25.87183809282201,
        "net_right_sideline": 25.79147225144281
      },
      "frame_index": 1,
      "labeled_keypoints": 15,
      "median_error_px_source": 5.529235901287901,
      "pck_at_5px": 0.4,
      "prediction": "runs/court_unified_training_20260723/diagnostic_eval/candidate_task88/best_epoch14_prediction_gallery/01_4qSoA-jwpVM_frame_000001_prediction.jpg"
    },
    {
      "clip": "A9H6EWfXht0",
      "comparison": "runs/court_unified_training_20260723/diagnostic_eval/candidate_task88/best_epoch14_prediction_gallery/02_A9H6EWfXht0_frame_000001_comparison.jpg",
      "errors_px_source": {
        "far_baseline_center": 2.6975713224335545,
        "far_left_corner": 462.2513989095175,
        "far_nvz_center": 52.60585370112078,
        "far_nvz_left": 21.197866334651984,
        "far_nvz_right": 8.108137508934059,
        "far_right_corner": 2.0374434098088847,
        "near_baseline_center": 4.131691127096043,
        "near_left_corner": 1022.9730953240185,
        "near_nvz_center": 149.3311380898899,
        "near_nvz_left": 4.768108934966113,
        "near_nvz_right": 7.78497190173075,
        "near_right_corner": 2.771622955154089,
        "net_center": 11.45471685052643,
        "net_left_sideline": 494.25301433223376,
        "net_right_sideline": 4.224873805219805
      },
      "frame_index": 1,
      "labeled_keypoints": 15,
      "median_error_px_source": 8.108137508934059,
      "pck_at_5px": 0.4,
      "prediction": "runs/court_unified_training_20260723/diagnostic_eval/candidate_task88/best_epoch14_prediction_gallery/02_A9H6EWfXht0_frame_000001_prediction.jpg"
    },
    {
      "clip": "A9H6EWfXht0",
      "comparison": "runs/court_unified_training_20260723/diagnostic_eval/candidate_task88/best_epoch14_prediction_gallery/03_A9H6EWfXht0_frame_000002_comparison.jpg",
      "errors_px_source": {
        "far_left_corner": 1.660227212368885,
        "far_nvz_center": 49.422439873367956,
        "far_nvz_left": 40.51681829406472,
        "far_nvz_right": 6.850030588330739,
        "far_right_corner": 2.542719026048665,
        "near_baseline_center": 4.034958153063017,
        "near_left_corner": 1020.6529857577839,
        "near_nvz_center": 9.401187618223199,
        "near_nvz_left": 2.4548087923155393,
        "near_nvz_right": 6.315503523562705,
        "near_right_corner": 6.2565409441868765,
        "net_center": 5.799868205700877,
        "net_left_sideline": 492.6961284767593,
        "net_right_sideline": 2.796860355840291
      },
      "frame_index": 2,
      "labeled_keypoints": 14,
      "median_error_px_source": 6.286022233874791,
      "pck_at_5px": 0.35714285714285715,
      "prediction": "runs/court_unified_training_20260723/diagnostic_eval/candidate_task88/best_epoch14_prediction_gallery/03_A9H6EWfXht0_frame_000002_prediction.jpg"
    },
    {
      "clip": "Se7M6ZKaC4Y",
      "comparison": "runs/court_unified_training_20260723/diagnostic_eval/candidate_task88/best_epoch14_prediction_gallery/04_Se7M6ZKaC4Y_frame_000001_comparison.jpg",
      "errors_px_source": {
        "far_baseline_center": 5.39945833764236,
        "far_left_corner": 3.8389593592993,
        "far_nvz_center": 1.5695519934891156,
        "far_nvz_left": 1.6966392569704325,
        "far_nvz_right": 5.973306479278095,
        "far_right_corner": 4.042011664154099,
        "near_baseline_center": 1.4354075321556878,
        "near_left_corner": 2.468554591594782,
        "near_nvz_center": 6.4334730637374715,
        "near_nvz_left": 1.427826602511293,
        "near_nvz_right": 5.015814211095421,
        "near_right_corner": 6.365000447521985,
        "net_center": 5.3388577912536785,
        "net_left_sideline": 11.279268225562724,
        "net_right_sideline": 393.023418422376
      },
      "frame_index": 1,
      "labeled_keypoints": 15,
      "median_error_px_source": 5.015814211095421,
      "pck_at_5px": 0.4666666666666667,
      "prediction": "runs/court_unified_training_20260723/diagnostic_eval/candidate_task88/best_epoch14_prediction_gallery/04_Se7M6ZKaC4Y_frame_000001_prediction.jpg"
    },
    {
      "clip": "q3575jnmjJQ",
      "comparison": "runs/court_unified_training_20260723/diagnostic_eval/candidate_task88/best_epoch14_prediction_gallery/05_q3575jnmjJQ_frame_000001_comparison.jpg",
      "errors_px_source": {
        "far_baseline_center": 2.7793519207835145,
        "far_left_corner": 4.14586372987935,
        "far_nvz_center": 4.676731493150496,
        "far_nvz_left": 2.441016794577402,
        "far_nvz_right": 6.484067247541641,
        "far_right_corner": 1.690787376105619,
        "near_baseline_center": 387.99323636152684,
        "near_left_corner": 4.462398484443483,
        "near_nvz_center": 2.3219235632344972,
        "near_nvz_left": 5.711850738976635,
        "near_nvz_right": 0.889921824923272,
        "near_right_corner": 237.0102492046465,
        "net_center": 5.8324725389797445,
        "net_left_sideline": 24.056431472939458,
        "net_right_sideline": 449.2082291642354
      },
      "frame_index": 1,
      "labeled_keypoints": 15,
      "median_error_px_source": 4.676731493150496,
      "pck_at_5px": 0.5333333333333333,
      "prediction": "runs/court_unified_training_20260723/diagnostic_eval/candidate_task88/best_epoch14_prediction_gallery/05_q3575jnmjJQ_frame_000001_prediction.jpg"
    },
    {
      "clip": "q3575jnmjJQ",
      "comparison": "runs/court_unified_training_20260723/diagnostic_eval/candidate_task88/best_epoch14_prediction_gallery/06_q3575jnmjJQ_frame_000002_comparison.jpg",
      "errors_px_source": {
        "far_baseline_center": 4.315007346763684,
        "far_left_corner": 5.527658885663389,
        "far_nvz_center": 7.047383996254007,
        "far_nvz_left": 5.615274962809595,
        "far_nvz_right": 14.016273878651104,
        "far_right_corner": 3.08274523259701,
        "near_baseline_center": 8.950018028136675,
        "near_left_corner": 8.362806908481895,
        "near_nvz_center": 4.807482704570629,
        "near_nvz_left": 4.496651041720627,
        "near_nvz_right": 7.607255361691194,
        "near_right_corner": 243.1344977325659,
        "net_center": 6.2498482074680295,
        "net_left_sideline": 36.17239148682957,
        "net_right_sideline": 450.8463885011223
      },
      "frame_index": 2,
      "labeled_keypoints": 15,
      "median_error_px_source": 7.047383996254007,
      "pck_at_5px": 0.26666666666666666,
      "prediction": "runs/court_unified_training_20260723/diagnostic_eval/candidate_task88/best_epoch14_prediction_gallery/06_q3575jnmjJQ_frame_000002_prediction.jpg"
    }
  ],
  "schema_version": 1
}
