{
  "artifact_type": "racketsport_ball_stage2_run",
  "ball_verified": false,
  "checkpoint": {
    "latest_checkpoint": "runs/lanes/w7_ballretrain2_20260709/arm_probe/probe100/checkpoints/latest.pt",
    "loaded_state_sha256": "9f791e24eaed75ab55f8ba70ed9eae371ed3170245230608a4d87092bd4c2ff3",
    "round_trip_state_sha256_match": true,
    "state_sha256": "9f791e24eaed75ab55f8ba70ed9eae371ed3170245230608a4d87092bd4c2ff3",
    "step": 100
  },
  "data": {
    "artifact_type": "racketsport_ball_stage2_combined_dataset_summary",
    "schema_version": 1,
    "selected_sample_count": 3026,
    "source_count": 1,
    "sources": [
      {
        "artifact_type": "racketsport_ball_stage2_dataset_summary",
        "clip_count": 40,
        "frames_in": 3,
        "heatmap_radius_px": 4.0,
        "image_size": [
          512,
          288
        ],
        "input_preprocessing": "wasb_official_affine_imagenet",
        "negative_sample_count": 616,
        "positive_sample_count": 2410,
        "schema_version": 1,
        "selected_sample_count": 3026,
        "source_kind": "cvat_owner_sparse",
        "sparse_review_policy": "only reviewed_frame_indices are training rows; unreviewed frames are never fabricated negatives",
        "visibility_level_counts": {
          "clear": 2389,
          "none": 614,
          "out_of_frame": 2,
          "partial": 21
        },
        "wbce_weight_counts": {
          "1": 3003,
          "2": 21,
          "3": 2
        }
      }
    ]
  },
  "heldout_touched": false,
  "limitations": [
    "Owner labels and SST samples are internal-val/build inputs only; no held-out gate is touched.",
    "Sparse CVAT exports train only reviewed frames; unreviewed frames are not fabricated negatives.",
    "Harness metrics are not BALL product gates."
  ],
  "loss": {
    "count": 100,
    "first": 0.0008108437759801745,
    "last": 0.0008096744422800839,
    "strictly_decreased": true,
    "values": [
      0.0008108437759801745,
      0.0009378944523632526,
      0.0009043634054251015,
      0.0022460278123617172,
      0.0010274581145495176,
      0.0023936929646879435,
      0.0007482036016881466,
      0.0007243201253004372,
      0.0007439274340867996,
      0.0006838582921773195,
      0.0007008496904745698,
      0.0019825678318738937,
      0.0004456721944734454,
      0.0017475970089435577,
      0.0011133590014651418,
      0.0007815895951353014,
      0.0010978678474202752,
      0.0021164356730878353,
      0.0010590925812721252,
      0.0006888815551064909,
      0.002255149884149432,
      0.001135387341491878,
      0.0009800924453884363,
      0.001526135834865272,
      0.0010110896546393633,
      0.0017514433711767197,
      0.0009836772223934531,
      0.0015280398074537516,
      0.0011453034821897745,
      0.0009080585441552103,
      0.001734873279929161,
      0.0011296197772026062,
      0.0010985721601173282,
      0.0007812489056959748,
      0.0014791693538427353,
      0.0011628579813987017,
      0.0012479601427912712,
      0.000945939333178103,
      0.001119506312534213,
      0.000921294093132019,
      0.0009510833770036697,
      0.0011742744827643037,
      0.0012900822330266237,
      0.0009967228397727013,
      0.000930154521483928,
      0.0010286387987434864,
      0.0007484821835532784,
      0.0006989319808781147,
      0.0010330044897273183,
      0.0007897262112237513,
      0.0012845095479860902,
      0.0018096116837114096,
      0.001419583335518837,
      0.0006516430294141173,
      0.0008883005357347429,
      0.0016334631945937872,
      0.001028970000334084,
      0.0023238640278577805,
      0.0009961549658328295,
      0.0011163786984980106,
      0.0011614521499723196,
      0.0011592254741117358,
      0.001034875400364399,
      0.0015319661470130086,
      0.0011106333695352077,
      0.0010272073559463024,
      0.0011371276341378689,
      0.0010899822227656841,
      0.0012466090265661478,
      0.0008823350653983653,
      0.001173580763861537,
      0.0010812958935275674,
      0.0010492625879123807,
      0.00263371504843235,
      0.0010013682767748833,
      0.00099033466540277,
      0.0009216092294082046,
      0.001728356466628611,
      0.001404056791216135,
      0.0009335529175586998,
      0.0009441048605367541,
      0.0009787414455786347,
      0.0022360992152243853,
      0.0010954131139442325,
      0.0021899589337408543,
      0.0017478574300184846,
      0.001088456716388464,
      0.0011497344821691513,
      0.0019786462653428316,
      0.0009102416224777699,
      0.001884549274109304,
      0.001257982337847352,
      0.0008643053006380796,
      0.0009637451730668545,
      0.0008623107569292188,
      0.001178177772089839,
      0.0015275718178600073,
      0.0016250403132289648,
      0.0009624784579500556,
      0.0008096744422800839
    ]
  },
  "model": {
    "family": "wasb_hrnet",
    "frames_in": 3,
    "image_size": [
      512,
      288
    ],
    "init_checkpoint": "runs/lanes/w5_ballretrain_20260707/seed_official/checkpoints/latest.pt",
    "init_summary": {
      "checkpoint": "runs/lanes/w5_ballretrain_20260707/seed_official/checkpoints/latest.pt",
      "loaded_state_sha256": "b03eaf59a14331abab681c1c212c3c735e2255fa0db96130efd3041b86aadd15",
      "missing_keys": [],
      "strict": false,
      "unexpected_keys": []
    },
    "output_channels": 3,
    "resume_checkpoint": null,
    "resume_summary": null
  },
  "out_dir": "runs/lanes/w7_ballretrain2_20260709/arm_probe/probe100",
  "promotion_claimed": false,
  "recipe": {
    "checkpoint_every": 500,
    "epochs": 30,
    "heatmap_radius_px": 4.0,
    "learning_rate": 0.0005,
    "lr_schedule": "constant",
    "occluded_prob": 0.25,
    "occlusion_policy": "model-space patch after official WASB warp, centered on warped target_xy_px before weighted BCE",
    "optimizer": "AdamW",
    "steps": 100,
    "weight_decay": 5e-05
  },
  "runtime": {
    "cuda_available": true,
    "device": "cuda",
    "seed": 1337,
    "seed_summary": {
      "cuda_manual_seed_all": true,
      "cudnn_deterministic": true,
      "numpy_random": 1337,
      "python_random": 1337,
      "torch": 1337
    },
    "torch_version": "2.5.1+cu124",
    "wall_seconds": 299.290955173
  },
  "schema_version": 1,
  "status": "train_complete"
}
