{
  "after": {
    "real_keypoint_count": 89,
    "real_keypoint_mean_px": 113.96221842242234,
    "real_keypoint_median_px": 6.88100431347271,
    "real_keypoint_p95_px": 521.2380495799478,
    "real_keypoint_pck_at_10px": 0.6179775280898876,
    "real_keypoint_pck_at_5px": 0.3707865168539326,
    "real_keypoint_pck_per_clip": {
      "4qSoA-jwpVM": {
        "count": 15,
        "max": 740.5402725777762,
        "mean": 139.67849298736988,
        "median": 9.507940976288195,
        "p95": 731.3315002507214,
        "pck_at_10px": 0.5333333333333333,
        "pck_at_5px": 0.4
      },
      "A9H6EWfXht0": {
        "count": 29,
        "max": 1024.1794239089497,
        "mean": 171.77678944363257,
        "median": 10.800668243408317,
        "p95": 828.2378063304424,
        "pck_at_10px": 0.4827586206896552,
        "pck_at_5px": 0.3448275862068966
      },
      "Se7M6ZKaC4Y": {
        "count": 15,
        "max": 393.0881973330307,
        "mean": 45.42519798045982,
        "median": 5.290765735482633,
        "p95": 276.59852671833755,
        "pck_at_10px": 0.8,
        "pck_at_5px": 0.4666666666666667
      },
      "q3575jnmjJQ": {
        "count": 30,
        "max": 450.7192996518566,
        "mean": 79.48517270709324,
        "median": 6.775409327129619,
        "p95": 438.47810168772367,
        "pck_at_10px": 0.7,
        "pck_at_5px": 0.3333333333333333
      }
    }
  },
  "all": {
    "keypoint_error_summary": {
      "count": 89,
      "max": 1024.1794239089497,
      "mean": 113.96221842242234,
      "median": 6.88100431347271,
      "p95": 521.2380495799478
    },
    "pck_at_10px": 0.6179775280898876,
    "pck_at_5px": 0.3707865168539326,
    "per_clip": {
      "4qSoA-jwpVM": {
        "count": 15,
        "max": 740.5402725777762,
        "mean": 139.67849298736988,
        "median": 9.507940976288195,
        "p95": 731.3315002507214,
        "pck_at_10px": 0.5333333333333333,
        "pck_at_5px": 0.4
      },
      "A9H6EWfXht0": {
        "count": 29,
        "max": 1024.1794239089497,
        "mean": 171.77678944363257,
        "median": 10.800668243408317,
        "p95": 828.2378063304424,
        "pck_at_10px": 0.4827586206896552,
        "pck_at_5px": 0.3448275862068966
      },
      "Se7M6ZKaC4Y": {
        "count": 15,
        "max": 393.0881973330307,
        "mean": 45.42519798045982,
        "median": 5.290765735482633,
        "p95": 276.59852671833755,
        "pck_at_10px": 0.8,
        "pck_at_5px": 0.4666666666666667
      },
      "q3575jnmjJQ": {
        "count": 30,
        "max": 450.7192996518566,
        "mean": 79.48517270709324,
        "median": 6.775409327129619,
        "p95": 438.47810168772367,
        "pck_at_10px": 0.7,
        "pck_at_5px": 0.3333333333333333
      }
    }
  },
  "all_frame_count": 6,
  "architecture": {
    "name": "court_unet_v2",
    "network_architecture": "court_unet_v2"
  },
  "artifact_type": "court_keypoint_owner_gate_report_v2",
  "checkpoint": "runs/court_unified_training_20260723/diagnostic_train/court_unet_v2_seed13/court_model_v2_epoch_0018.pt",
  "gate": {
    "metric": "real_keypoint_pck_at_5px_independent",
    "not_cal3_verified": true,
    "passed": false,
    "pck_threshold_px": 5.0,
    "threshold": 0.95,
    "value": 0.3707865168539326
  },
  "gate_passed": {
    "all": false,
    "independent": false
  },
  "gate_passed_per_viewpoint": {
    "all": false,
    "independent": false
  },
  "gate_passed_pooled": {
    "all": false,
    "independent": false
  },
  "gate_threshold": 0.95,
  "holdout_artifacts": [],
  "independent": {
    "keypoint_error_summary": {
      "count": 89,
      "max": 1024.1794239089497,
      "mean": 113.96221842242234,
      "median": 6.88100431347271,
      "p95": 521.2380495799478
    },
    "pck_at_10px": 0.6179775280898876,
    "pck_at_5px": 0.3707865168539326,
    "per_clip": {
      "4qSoA-jwpVM": {
        "count": 15,
        "max": 740.5402725777762,
        "mean": 139.67849298736988,
        "median": 9.507940976288195,
        "p95": 731.3315002507214,
        "pck_at_10px": 0.5333333333333333,
        "pck_at_5px": 0.4
      },
      "A9H6EWfXht0": {
        "count": 29,
        "max": 1024.1794239089497,
        "mean": 171.77678944363257,
        "median": 10.800668243408317,
        "p95": 828.2378063304424,
        "pck_at_10px": 0.4827586206896552,
        "pck_at_5px": 0.3448275862068966
      },
      "Se7M6ZKaC4Y": {
        "count": 15,
        "max": 393.0881973330307,
        "mean": 45.42519798045982,
        "median": 5.290765735482633,
        "p95": 276.59852671833755,
        "pck_at_10px": 0.8,
        "pck_at_5px": 0.4666666666666667
      },
      "q3575jnmjJQ": {
        "count": 30,
        "max": 450.7192996518566,
        "mean": 79.48517270709324,
        "median": 6.775409327129619,
        "p95": 438.47810168772367,
        "pck_at_10px": 0.7,
        "pck_at_5px": 0.3333333333333333
      }
    }
  },
  "independent_frame_count": 6,
  "notes": [
    "independent: PRIMARY, the 4 independently human-reviewed frames (1 per clip).",
    "all: SECONDARY, all 32 rows including owner-approved reviewed_static_camera_copy rows.",
    "gate_passed_per_viewpoint requires every clip present to individually clear pck_threshold_px, not just the pooled-across-clips average (gate_passed aliases it)."
  ],
  "pck_threshold_px": 5.0,
  "postprocess": {
    "decode": "parabolic_subpixel_refine",
    "prediction_mode": "keypoint_heatmap_subpixel_argmax"
  },
  "real_holdout_count": 6,
  "schema_version": 1
}
