{
 "control": {
  "carda": {
   "median": 942.3438999112797,
   "p95": 1484.7459704691303,
   "pck5": 0.0,
   "count": 75
  },
  "cardb": {
   "median": 675.146698070176,
   "p95": 1432.1966394377737,
   "pck5": 0.0,
   "count": 30
  },
  "valext": {
   "median": 345.3937009631183,
   "p95": 583.0439482248169,
   "pck5": 0.0,
   "count": 13056
  }
 },
 "arm_a": {
  "carda": {
   "median": 936.6334472460397,
   "p95": 1570.7564295669135,
   "pck5": 0.0,
   "count": 75
  },
  "cardb": {
   "median": 714.5640810904555,
   "p95": 1481.2887455959958,
   "pck5": 0.0,
   "count": 30
  },
  "valext": {
   "median": 293.4710505499811,
   "p95": 590.9569043528686,
   "pck5": 0.0,
   "count": 13056
  }
 },
 "arm_b": {
  "carda": {
   "median": 833.3694295449047,
   "p95": 1551.67619961031,
   "pck5": 0.0,
   "count": 75
  },
  "cardb": {
   "median": 797.2981972648404,
   "p95": 1698.9247400531215,
   "pck5": 0.0,
   "count": 30
  },
  "valext": {
   "median": 290.53438255222045,
   "p95": 590.7097899934251,
   "pck5": 0.0,
   "count": 13056
  }
 }
}
