{
  "T_world_court": [
    [
      1.0,
      0.0,
      0.0,
      0.0
    ],
    [
      0.0,
      1.0,
      0.0,
      0.0
    ],
    [
      0.0,
      0.0,
      1.0,
      0.0
    ],
    [
      0.0,
      0.0,
      0.0,
      1.0
    ]
  ],
  "capture_quality": {
    "grade": "warn",
    "reasons": [
      "single_view_planar_floor_only_calibration",
      "distortion_model=zero_distortion_grid_search_focal",
      "reviewed_floor_correspondences_plus_recovered_corner",
      "net_points_excluded_from_fit",
      "owner_reviewed_geometry_authorized",
      "not_gate_verified_render_calibration_only",
      "source_frame=151",
      "recovered_points=near_left_corner",
      "floor_reprojection_median_2.885px",
      "floor_reprojection_p95_6.233px",
      "provenance={\"floor_point_residual_summary_px\":{\"count\":12,\"max_px\":7.123780905412185,\"mean_px\":3.355751121877237,\"median_px\":2.8848279134500148,\"p95_px\":6.233070699523442},\"metric_objective\":\"floor_only_12pt_excludes_net_height_points\",\"nearest_reviewed_point\":{\"distance_px\":264.5077976002067,\"name\":\"near_baseline_center\",\"uv\":[196.36363636363637,1314.130361295213]},\"net_point_residual_summary_px\":{\"count\":3,\"max_px\":93.42312096205644,\"mean_px\":78.60195964006857,\"median_px\":75.50511792876043,\"p95_px\":91.63132065872685},\"not_gate_verified\":true,\"recovered_points\":[\"near_left_corner\"],\"recovery_model\":\"visible_floor_homography_excluding_net_top\",\"recovery_residual_summary_px\":{\"count\":11,\"max_px\":7.843878458366344,\"mean_px\":3.6022223941428466,\"median_px\":2.9938555607648802,\"p95_px\":7.0105821941156385},\"source_frame\":151}",
      "camera_motion_41px_render_only",
      "camera_motion_gt5px_render_only"
    ]
  },
  "coordinate_frame": "court_netcenter_z_up_m",
  "extrinsics": {
    "R": [
      [
        0.8174726141848611,
        0.5754539833957444,
        0.024315387139421107
      ],
      [
        0.010303732282983424,
        0.027598757132668475,
        -0.9995659766647587
      ],
      [
        -0.5758752974028407,
        0.8173683512338257,
        0.01663190435540944
      ]
    ],
    "camera_height_m": 1.811272867221844,
    "t": [
      2.063825905588326,
      2.0294879645643924,
      10.050053364467804
    ]
  },
  "gsd_model": {
    "calibration_sigma_m": 0.0,
    "plane_sigma_m": 0.0,
    "samples": [
      {
        "court_xy": [
          -3.048,
          -6.7056000000000004
        ],
        "gsd_m_per_px": 0.018958824431101674,
        "sigma_p_m": 0.054692945925040204
      },
      {
        "court_xy": [
          0.0,
          -6.7056000000000004
        ],
        "gsd_m_per_px": 0.009505328401907804,
        "sigma_p_m": 0.027421236700332856
      },
      {
        "court_xy": [
          3.048,
          -6.7056000000000004
        ],
        "gsd_m_per_px": 0.004248033763524849,
        "sigma_p_m": 0.012254846378294604
      },
      {
        "court_xy": [
          3.048,
          6.7056000000000004
        ],
        "gsd_m_per_px": 0.08101353503585271,
        "sigma_p_m": 0.23371010723868862
      },
      {
        "court_xy": [
          0.0,
          6.7056000000000004
        ],
        "gsd_m_per_px": 0.08886079413311421,
        "sigma_p_m": 0.2563480993265432
      },
      {
        "court_xy": [
          -3.048,
          6.7056000000000004
        ],
        "gsd_m_per_px": 0.10015605330011704,
        "sigma_p_m": 0.2889329782611651
      },
      {
        "court_xy": [
          -3.048,
          -2.1336
        ],
        "gsd_m_per_px": 0.03902752265880567,
        "sigma_p_m": 0.11258768675892554
      },
      {
        "court_xy": [
          0.0,
          -2.1336
        ],
        "gsd_m_per_px": 0.02682023356484694,
        "sigma_p_m": 0.07737175843311944
      },
      {
        "court_xy": [
          3.048,
          -2.1336
        ],
        "gsd_m_per_px": 0.01906756581020139,
        "sigma_p_m": 0.05500664609081412
      },
      {
        "court_xy": [
          -3.048,
          0.0
        ],
        "gsd_m_per_px": 0.05118660932413134,
        "sigma_p_m": 0.14766455937311487
      },
      {
        "court_xy": [
          0.0,
          0.0
        ],
        "gsd_m_per_px": 0.04027171211071801,
        "sigma_p_m": 0.11617695921942234
      },
      {
        "court_xy": [
          3.048,
          0.0
        ],
        "gsd_m_per_px": 0.030693020180025316,
        "sigma_p_m": 0.08854408136342162
      },
      {
        "court_xy": [
          -3.048,
          2.1336
        ],
        "gsd_m_per_px": 0.06919547267605787,
        "sigma_p_m": 0.19961703106025955
      },
      {
        "court_xy": [
          0.0,
          2.1336
        ],
        "gsd_m_per_px": 0.052741476408309666,
        "sigma_p_m": 0.15215008333925714
      },
      {
        "court_xy": [
          3.048,
          2.1336
        ],
        "gsd_m_per_px": 0.04314067353329453,
        "sigma_p_m": 0.12445341921388234
      }
    ],
    "type": "analytic_ray_plane"
  },
  "homography": [
    [
      39.01295040571617,
      93.53520156138397,
      717.2603141929395
    ],
    [
      -55.587911597320144,
      80.46700248933062,
      1135.110695291333
    ],
    [
      -0.058542726256318324,
      0.08123713346536847,
      1.0
    ]
  ],
  "image_pts": [
    [
      -45.54372160996544,
      1207.1480957109418
    ],
    [
      196.36363636363637,
      1314.130361295213
    ],
    [
      756.5034965034965,
      1536.9283248481372
    ],
    [
      1072.4475524475524,
      1100.1436166398623
    ],
    [
      869.7902097902098,
      1085.0386699583082
    ],
    [
      708.6713286713286,
      1072.4512143903464
    ],
    [
      399.02097902097904,
      1125.318527775786
    ],
    [
      621.8181818181819,
      1165.5983855932639
    ],
    [
      979.3006993006993,
      1226.0181723194805
    ],
    [
      509.7902097902098,
      1106.4373444238433
    ],
    [
      717.4825174825174,
      1131.612255559767
    ],
    [
      1018.3216783216783,
      1173.1508589340408
    ],
    [
      590.3496503496503,
      1088.8149066286967
    ],
    [
      789.2307692307693,
      1113.9898177646203
    ],
    [
      1038.4615384615386,
      1142.9409655709326
    ]
  ],
  "image_size": [
    1080,
    1920
  ],
  "intrinsics": {
    "cx": 540.0,
    "cy": 960.0,
    "dist": [
      0.0,
      0.0,
      0.0,
      0.0
    ],
    "fx": 867.5152916480001,
    "fy": 867.5152916480001,
    "source": "metric_15pt_reviewed"
  },
  "metric_confidence": "med",
  "per_keypoint_residual_px": [
    2.894745773797136,
    4.855601630833625,
    2.2014895723509045,
    2.874910053102893,
    1.6891312357212063,
    4.546962655860312,
    2.586150834491796,
    5.504307803796292,
    1.6445863875512519,
    66.87764002938884,
    75.50511792876043,
    93.42312096205644,
    3.014060326372122,
    7.123780905412185,
    1.3332862832371195
  ],
  "reprojection_error_px": {
    "median": 2.8848279134500148,
    "p95": 6.233070699523442
  },
  "schema_version": 1,
  "solved_over_frames": [
    151
  ],
  "source": "metric_15pt_reviewed",
  "sport": "pickleball",